,travel_t_avg,travel_t_std,travel_d_avg,travel_d_std,travel_td_avg,travel_td_std,throughput_avg,throughput_std,comput_t_avg,comput_t_std,exp_nodes,deadlocks
0,21.714285714285715,4.446966404649538,18.571428571428573,4.083315979416129,1.2024321428571427,0.2652446833230073,0.0,0.0,11031615.0,5235324.621289018,10400.0,0.0
