,travel_t_avg,travel_t_std,travel_d_avg,travel_d_std,travel_td_avg,travel_td_std,throughput_avg,throughput_std,comput_t_avg,comput_t_std,exp_nodes,deadlocks
0,6.785714285714286,3.9853046384466633,14.357142857142858,8.337583949949108,0.3701521428571429,0.19340679834330585,0.1625,0.4594493987372277,3382080.0,8932826.961863752,879.0,1.0
