,travel_t_avg,travel_t_std,travel_d_avg,travel_d_std,travel_td_avg,travel_td_std,throughput_avg,throughput_std,comput_t_avg,comput_t_std,exp_nodes,deadlocks
0,8.981481481481481,2.1878514806789138,18.962962962962962,4.3757029613578275,0.47199518518518524,0.007321847758273594,0.2375,0.42555111326373,23384086.25,110854070.40037112,8345.0,0.0
1,8.344827586206897,2.2248729071639364,17.689655172413794,4.449745814327873,0.46977586206896543,0.007985478422495888,0.3,0.5567764362830021,52317510.0,248328427.5166582,18096.0,0.0
2,8.51923076923077,2.4395805488726685,18.03846153846154,4.879161097745337,0.469775,0.009388331649118823,0.225,0.41758232721225164,28775200.0,87206297.22378281,10430.0,0.0
3,9.133333333333333,2.555821242227676,19.266666666666666,5.111642484455352,0.4717506666666667,0.008837641062837727,0.275,0.49937460888595453,46906178.75,307278954.97469914,18080.0,0.0
4,8.928571428571429,2.3211538298959886,18.857142857142858,4.642307659791977,0.47158200000000006,0.007933317014789141,0.3375,0.5464373248598599,24577160.0,54395918.93908402,7969.0,0.0
