,travel_t_avg,travel_t_std,travel_d_avg,travel_d_std,travel_td_avg,travel_td_std,throughput_avg,throughput_std,comput_t_avg,comput_t_std,exp_nodes,deadlocks
0,7.333333333333333,4.189935029992179,15.466666666666667,8.732060976017568,0.3777693333333333,0.18903629903510302,0.175,0.41155194082885815,1012850.0,1711298.6659990125,386.0,0.0
