,travel_t_avg,travel_t_std,travel_d_avg,travel_d_std,travel_td_avg,travel_td_std,throughput_avg,throughput_std,comput_t_avg,comput_t_std,exp_nodes,deadlocks
0,8.966666666666667,3.5938218591849482,18.866666666666667,7.356327586204652,0.4415099999999999,0.11827223241319156,0.1625,0.4858947931394203,172051598.75,1069673872.7287805,959.0,2.0
