,travel_t_avg,travel_t_std,travel_d_avg,travel_d_std,travel_td_avg,travel_td_std,throughput_avg,throughput_std,comput_t_avg,comput_t_std,exp_nodes,deadlocks
0,8.454545454545455,2.462948578935285,17.90909090909091,4.92589715787057,0.46944818181818176,0.009749997499469905,0.075,0.26339134382131846,224098.75,341366.03246872337,222.0,0.0
1,7.375,3.42554740151118,15.625,7.122806679954188,0.41150375,0.1556806426179488,0.125,0.33071891388307384,242303.75,270342.1907711364,353.0,0.0
2,7.9523809523809526,4.099665380958264,16.761904761904763,8.479132715671888,0.4044352380952381,0.1653468807895936,0.2,0.4000000000000001,608677.5,1293726.109342217,786.0,0.0
3,7.153846153846154,3.6762471216456984,15.153846153846153,7.654522583174692,0.39790384615384605,0.169810288559297,0.1375,0.3443744328488978,239621.25,288411.55130028597,325.0,0.0
4,8.38888888888889,2.8894230275435207,17.72222222222222,5.942367238320241,0.4457305555555555,0.1082828316889628,0.2,0.4301162633521314,381953.75,604888.9054908657,561.0,0.0
