,travel_t_avg,travel_t_std,travel_d_avg,travel_d_std,travel_td_avg,travel_td_std,throughput_avg,throughput_std,comput_t_avg,comput_t_std,exp_nodes,deadlocks
0,9.333333333333334,2.0412414523193148,7.333333333333333,5.333333333333333,1.765417222222222,0.8675941109169885,0.225,0.44651427748729383,7429721.25,17831211.05722837,1908.0,0.0
