,travel_t_avg,travel_t_std,travel_d_avg,travel_d_std,travel_td_avg,travel_td_std,throughput_avg,throughput_std,comput_t_avg,comput_t_std,exp_nodes,deadlocks
0,6.9375,3.4135529511053435,14.75,7.084313657652377,0.40953125,0.1549933502152189,0.15,0.3570714214271425,112032.5,160597.10829821936,212.0,0.0
1,7.15,3.4208916966194645,15.2,7.05407683541936,0.4207890000000001,0.1405526091148791,0.125,0.33071891388307384,299727.5,942216.7603549355,464.0,1.0
2,8.576923076923077,3.049881169476771,18.076923076923077,6.318002830271098,0.436956923076923,0.12626626703333138,0.175,0.3799671038392666,346637.5,858057.9111247387,411.0,0.0
3,9.5,3.2581259360842107,19.923076923076923,6.742078411126286,0.43946384615384615,0.12693421352074538,0.15,0.4213074886588179,429582.5,1027197.8526280855,478.0,0.0
4,9.541666666666666,1.8647870000500206,20.083333333333332,3.7295740001000413,0.47401833333333326,0.005958433565590501,0.15,0.3570714214271425,344242.5,1132048.826218971,337.0,0.0
