,travel_t_avg,travel_t_std,travel_d_avg,travel_d_std,travel_td_avg,travel_td_std,throughput_avg,throughput_std,comput_t_avg,comput_t_std,exp_nodes,deadlocks
0,9.472222222222221,3.4459002299924077,19.88888888888889,7.046582220314635,0.44804444444444447,0.10893119185074902,0.225,0.44651427748729383,2621562.5,3357033.4401959344,796.0,0.0
