,travel_t_avg,travel_t_std,travel_d_avg,travel_d_std,travel_td_avg,travel_td_std,throughput_avg,throughput_std,comput_t_avg,comput_t_std,exp_nodes,deadlocks
0,7.804347826086956,3.8185449380928334,16.47826086956522,7.906351685538996,0.4099056521739131,0.15895759165989462,0.2375,0.4807221130757352,277461.25,692609.3530074782,786.0,1.0
1,8.653846153846153,2.691758185680414,18.26923076923077,5.509137111742303,0.4538950000000001,0.09108585650785324,0.25,0.4609772228646444,470286.25,1366880.7477925562,825.0,0.0
2,9.125,2.7698149757700423,19.208333333333332,5.6787554876829205,0.45391875,0.0948944567362648,0.225,0.47368238303741045,381170.0,1151971.157234416,696.0,0.0
